Simple Query1, Simple Query2, ComplexQuery1, ComplexQuery2, Simple Query1 indexing, Simple Query2 indexing, ComplexQuery1 indexing, ComplexQuery2 indexing
4.8160552978515625e-05, 4.1961669921875e-05, 0.1451892852783203, 8.702554941177368, 0.0050000, 0.0020000, 0.05835604667663574, 2.10904598236084
4.6253204345703125e-05, 0.0001499652862548828, 0.24057888984680176, 2.0541110038757324