Simple Query1, Simple Query2, ComplexQuery1, ComplexQuery2, Simple Query1 indexing, Simple Query2 indexing, ComplexQuery1 indexing, ComplexQuery2 indexing
9.226799011230469e-05, 0.0005669593811035156, 0.24409127235412598, 1.1226539611816406, 0.0430000, 0.0240000, 0.0031850337982177734, 1.402921199798584