Simple Query1, Simple Query2, ComplexQuery1, ComplexQuery2, Simple Query1 indexing, Simple Query2 indexing, ComplexQuery1 indexing, ComplexQuery2 indexing
6.985664367675781e-05, 0.00021910667419433594, 8.042373180389404, 5.957571029663086, 0.0220000, 0.0020000, 4.457827806472778, 5.299901247024536