Simple Query1, Simple Query2, ComplexQuery1, ComplexQuery2, Simple Query1 indexing, Simple Query2 indexing, ComplexQuery1 indexing, ComplexQuery2 indexing
9.083747863769531e-05, 0.0001347064971923828, 8.649890899658203, 11.359503746032715, 0.0030000, 0.0050000, 6.823823928833008, 11.814229011535645
