Simple Query1 BO, Simple Query2 BO, ComplexQuery1 BO, ComplexQuery2 BO, Simple Query1 AO, Simple Query2 AO, ComplexQuery1 AO, ComplexQuery2 AO
0.0002300739288330078, 4.57763671875e-05, 4.837953090667725, 5.490833044052124, 0.202, 0.001,4.31199312210083