Simple Query1 BO, Simple Query2 BO, ComplexQuery1 BO, ComplexQuery2 BO, Simple Query1 AO, Simple Query2 AO, ComplexQuery1 AO, ComplexQuery2 AO
6.985664367675781e-05, 4.076957702636719e-05, 6.35016655921936, 5.693627834320068, 0.00100, 0.00000, 4.611919164657593, 6.861773729324341, 0.0520000, 0.0010000, 6.215620040893555, 7.39061975479126